study_hours,attendance_percent,previous_score,marks
7.1,81.3,87.3,100.0
4.2,84.2,85.2,94.6
7.8,58.8,49.7,80.0
6.4,73.7,68.4,95.4
1.3,56.9,73.2,64.8
8.8,77.2,89.7,100.0
7.0,69.8,73.0,94.7
7.2,61.5,61.0,90.0
1.6,59.7,58.6,60.8
4.3,81.4,61.8,80.5
3.7,62.7,76.1,79.8
8.4,96.6,89.7,100.0
6.0,81.1,63.6,87.2
7.5,70.6,50.6,86.1
4.3,81.6,49.9,73.0
2.4,56.0,82.0,74.9
5.2,98.1,86.4,100.0
1.0,76.7,41.6,48.2
7.5,90.2,39.2,85.8
5.9,58.7,72.4,90.6
6.9,76.9,44.2,80.0
3.5,77.1,87.0,86.4
8.8,97.2,54.6,100.0
8.1,80.7,44.1,91.1
7.1,76.3,93.0,100.0
2.2,67.0,45.4,59.4
4.5,69.9,52.9,74.7
0.9,78.4,44.7,54.7
1.8,74.8,42.3,56.1
6.3,56.0,36.3,74.1
6.8,92.2,38.5,82.3
8.7,95.3,46.0,92.4
3.3,61.3,38.4,60.0
3.6,79.9,72.2,80.5
4.5,59.9,77.9,83.6
2.1,85.3,59.8,72.3
1.6,67.7,55.0,54.6
4.5,84.7,66.8,81.5
2.4,87.7,90.1,83.9
6.2,89.6,88.6,100.0
4.2,59.8,37.7,60.8
7.6,96.2,46.4,93.7
6.5,65.4,49.9,80.3
3.2,56.7,50.7,57.4
7.6,80.0,71.0,95.3
7.3,71.7,61.2,91.8
3.8,92.3,38.1,66.5
3.0,91.4,58.5,75.7
6.3,69.3,68.0,91.4
1.7,97.9,41.4,61.0
2.2,68.1,87.5,81.5
0.6,78.2,38.3,48.1
7.2,66.5,93.3,100.0
6.2,97.1,41.2,81.0
6.5,62.4,88.1,99.2
7.1,57.0,91.9,100.0
4.4,74.6,96.7,99.6
5.3,99.7,85.5,100.0
1.7,95.1,84.1,84.6
1.5,88.7,75.5,75.0
6.2,95.1,84.1,100.0
4.5,95.2,43.5,77.1
5.3,78.3,68.8,82.8
7.0,69.2,67.4,89.6
5.9,89.7,89.0,100.0
5.2,84.8,64.2,80.9
5.3,71.8,59.3,79.0
3.1,59.3,75.3,76.6
0.8,88.6,51.8,58.4
4.2,66.8,43.8,65.6
2.3,97.2,65.1,79.2
4.0,65.8,61.3,76.8
7.8,60.5,49.7,84.3
2.5,92.4,58.2,75.6
1.0,61.9,58.1,55.8
2.9,63.1,55.6,61.9
3.0,82.0,58.9,70.5
6.1,94.4,78.2,98.1
5.2,63.8,53.7,72.5
7.2,69.0,94.8,100.0
6.1,90.0,92.7,100.0
4.0,98.7,65.3,89.8
7.4,77.5,55.7,87.4
1.9,61.5,68.7,66.7
0.7,55.6,88.5,66.3
1.3,65.3,76.1,69.1
6.6,60.9,85.7,98.1
4.4,85.5,68.6,80.8
1.9,60.5,74.9,71.2
4.8,77.8,53.2,75.1
1.8,86.2,81.3,78.2
6.4,81.2,47.8,80.0
4.3,64.0,78.8,82.4
3.7,91.2,89.2,96.0
3.1,87.2,43.3,65.0
5.9,88.3,73.7,97.3
3.6,60.9,41.0,59.7
1.2,60.6,80.7,71.9
1.5,96.7,40.3,57.8
8.7,72.9,94.0,100.0
8.2,68.5,43.7,88.3
6.4,77.0,95.4,100.0
2.8,84.8,85.5,89.3
8.7,98.0,72.4,100.0
7.1,67.9,84.3,100.0
6.6,96.6,85.1,100.0
4.3,56.1,94.6,95.2
2.8,80.0,51.0,71.2
1.3,83.5,72.2,71.4
8.2,59.8,41.0,81.9
4.4,61.3,73.8,83.7
2.2,73.9,45.8,56.2
3.1,98.5,70.6,84.7
5.4,81.8,71.1,90.6
2.0,97.0,64.4,75.3
7.8,91.2,67.9,100.0
6.9,76.0,83.1,99.0
6.6,90.3,85.4,100.0
4.2,55.8,66.0,71.2
5.8,59.9,72.8,85.9
